Norm MacDonald,29173359
David McCullough,49571780
Waleed Zuaiter,25909956
John Krasinski,60205982
Liev Schreiber,16417213
James Le Gros,28215291
Dom DeLuise,10503606
Nick Swardson,14369651
M.C. Gainey,2126313
Stephen Spinella,19821775
Reda Kateb,84213
Eddie Griffin,13260735
Alex D. Linz,16895440
Jimi Mistry,11888954
Anil Kapoor,27799491
Kellan Lutz,20364709
Werner Herzog,40091009
David Hyde Pierce,19504699
Paul Rust,345023
Henry Thomas,18647158
Lance Bass,6450063
Anthony Mackie,173215627
Michael Moriarty,19495975
Ralph Ineson,67784191
Lung Ti,68239722
Oscar Pearce,34759073
Luke Goss,55995
Barret Hackney,9581389
Jonah Hill,114847164
Kevin Smith,219
Lawrence A. Bonney,275726716
Jason Schwartzman,17109695
James Gandolfini,19655844
Robert Pattinson,97349759
John Carter,14793547
John Travolta,58368048
Skandar Keynes,178981360
Christopher Egan,32254246
Jerry Seinfeld,20311407
John Considine,244535
Ryan Donowho,2584027
Jon Tenney,11544431
David Eigenberg,1097889
Bobby Campo,93286
Michael Constantine,25898641
Will Forte,16108638
Jude Akuwudike,5449922
Alex Palmer,59823803
Jason O'Mara,2547793
Breckin Meyer,6089154
Trombone Shorty,61194602
Zach Galifianakis,18953270
Matt Servitto,850228
Bill Nighy,12194110
Andrew Dice Clay,18509407
Peter Riegert,10308484
James Caan,1204356
Jon Daly,1753220
Kevin Zegers,87389900
Matt Day,6413495
Mike Myers,119637182
Mark S. Allen,61753809
Pierce Gagnon,44344540
James Blackwell,3414386
David Hemblen,2328980
Michael Brainard,6794703
Lukas Haas,131722037
Dave Franco,82494263
Jean-Claude Dreyfus,327859
Lucas Black,39317834
Steve Irwin,192500158
Brian Boland,59839827
Quentin Tarantino,64592246
Stig Frode Henriksen,182835
Will Oldham,425481
Christopher Jordan Wallace,15992117
Carlo Cecchi,4462077
Johnny Depp,104642616
Ryan Guzman,22950501
Louis C.K.,76396265
Lance Crouther,2064965
Wabei Siyolwe,12286270
Stephen McHattie,400117
Gene Hackman,86959802
Thomas McDonell,35429649
Tom Selleck,18449916
Federico Cecere,35017
Johnny Knoxville,48837028
Aziz Ansari,29926250
Stanley Tucci,92866968
Artie Lange,19068537
Jason Segel,86667042
Razaaq Adoti,22654942
Xzibit,8991495
RZA,45116872
Kevin Clash,4598811
Brad Morris,17103702
Dany Boon,6567865
Omar Epps,20712195
David Warbeck,1531280
Larenz Tate,9222008
Christian Byers,183634
Martijn Lakemeier,8568
Divine,18379925
Shad Moss,25741535
Edward Hibbert,7760611
Darin De Paul,50524561
Harvey Keitel,13721818
James Stewart,1684370
Ricky Garcia,2878272
Ray Galletti,3310593
Diogo Morgado,9350693
Rhys Ifans,18430942
Michael Jeter,71027487
Richard Crenna,2098084
Michael Bowen,35548466
Wallace Wood,1091861
Liam Neeson,5982169
Matthew Sunderland,4379079
Richard Bull,571328
Robert Capron,25518392
Scott Hazell,31392631
Patton Oswalt,1945670
Kurt Russell,53252595
Scott 'Carrot Top' Thompson,28462599
Robert Blake,5786705
Terrence Jenkins,22445371
Chris Brown,35296402
Pasha Ebrahimi,3921572
Connor Kramme,1307435
Rawiri Paratene,7074451
Christopher Walken,64930912
Jamie Dornan,68508475
Edward Asner,0
Price Carson,6389278
Jet Li,72968389
Damien Marzette,157794205
Jonathan Klein,15589446
John Haycraft,31977484
Brendon Ryan Barrett,5601219
Hugh Laurie,58454077
Billy Zane,5311
Dana Snyder,368606
Trevor Moore,2671415
Lloyd Bridges,14995332
Rip Torn,18351537
David Cross,195533
Treat Williams,1801404
Wayne Knight,509511
Steve McQueen,13814988
Nick Stahl,185175
John Agar,32193399
Charles S. Dutton,3260424
Noel Marshall,2110050
Ian Nelson,6504442
Karan Soni,96279318
Derek Jacobi,33061252
Adam Bryant,105329461
Yaphet Kotto,1300820
Steve Coogan,187966746
Ewen Bremner,33583034
Ted Beckman,1919197
G.W. Bailey,4037071
Jeremy Swift,34699779
Michael Sarrazin,1457460
James Purefoy,21032458
James McAvoy,19626708
Frank Morgan,7965439
Samuel L. Jackson,49706392
Dennis Farina,15370258
Jaime FitzSimons,219854697
James Van Der Beek,891160
Hal B. Klein,670082
Richard Dreyfuss,8685676
Alexandre Rodrigues,3851760
Leon Isaac Kennedy,2021759
Brandon Alter,4031529
Ed Oxenbould,8870182
Tim Roth,17114323
Ken Marshall,3456686
Michael Fassbender,32026982
Paul Herman,71575254
Matt Stone,14733453
John Kassir,88243828
Pete Postlethwaite,64774112
Chris Klein,14035944
Red Skelton,5755
Keanu Reeves,9024615
Will Ferrell,33190637
Joe Pantoliano,1174778
Leonardo Guerra,0
Tim Ivey,66235
Don Brodie,3129906
Fred Ward,2361273
Matthew Goode,23563719
Bin Li,1721284
Isaiah Stone,1023861
Philippe Labro,49113
Horatio Sanz,23212
Carl Weathers,5588216
Michael Higgenbottom,347247
David Caruso,5771212
Scott Baio,4182711
Al Bandiero,30846435
Anthony Albano,7770163
Cary Grant,5123060
Adrian Young,4640169
Izzy Diaz,20163043
Bruce Davison,100053619
Woody Harrelson,97261285
Tim Meadows,8852143
Michael J. Fox,23360326
Raoul Bova,570712
Armie Hammer,63207483
Diego Sieres,29212500
Dian Bachar,89354
Bruce Spence,39567260
Michael Gambon,17767513
Eric Haberman,40016662
John Samaha,14746331
David Boreanaz,15487793
Donald Pleasence,7366382
David Paul,15760239
Chaim Jeraffi,27597310
Creed Bratton,2951261
Man-Tat Ng,5455287
Bill Hader,146220442
James Cromwell,1667093
Bryan Cranston,42957951
Melvyn Douglas,4695097
Ronan Collins,21197454
Rob Maxey,91677257
Anthony Perkins,6211738
Alex Michaeletos,994790
Niall Horan,0
William Bassett,38550
Willem Dafoe,95577742
Seth Green,37311727
Javier Bardem,118334432
Saul Kahan,8906720
Michael Rogers,3232325
Eddie Redmayne,85901556
Harry Dean Stanton,143254117
Channing Tatum,96576880
Kazushige Nagashima,18677704
Chris Langham,4148320
Peter Weller,29286354
Devon Bostick,5424573
Ryan McCluskey,3138443
Jim Belushi,3250176
Jean-Claude Van Damme,10759369
Ralph Riach,7777964
Joshua McIvor,1595168
Jason Andrews,8769830
Dave Goelz,60791544
Robin Williams,43834938
Abhishek Bachchan,4985576
David Bierend,0
Paraic Nialand,21197454
Joey Fatone,11286337
Dimitri Diatchenko,2567909
Jeff Fahey,8899093
Alistair Abell,31495400
Alexander Armstrong,9342223
R. Lee Ermey,15295201
DMX,13240183
Jason Scott Lee,10025604
Clancy Brown,120836043
Thomas Jane,55836
Bill A. Jones,1905628
Hritcu Florin,14913
Neil Maskell,1040763
Albert Finney,135936571
Bill Bailey,10615259
Mark Rylance,16707767
Max Minghella,31324402
Frankie Muniz,2984870
Wil Wheaton,6286
Robert Carlyle,15959276
Brad Loree,12112824
Timothy Hutton,5543908
Michael Anderson Jr.,0
Jeff Bridges,101324047
Michael Rapaport,28329646
Paul Newman,89065550
Steve Van Wormer,1607738
Christopher Lambert,1437622
Michael Horse,7194096
Robert John Burke,3797935
Goran Visnjic,13246181
Devin Ratray,10918086
David Kaye,0
Billy Burke,7407156
Elyes Gabel,80842687
Bruce Allpress,75383413
Jason Statham,41491375
Jon Gries,64203
Dustin Hoffman,31359653
Chris Penn,9009444
Adam Garcia,1226045
Parry Shen,6179875
Matt Dillon,21062410
Barry Corbin,15050841
Daniel London,30215910
Jason Bermingham,17561875
Vicellous Shannon,2583155
Julian Glover,11055595
Stephen Mendillo,7188602
Wilmer Valderrama,19947159
Malcolm David Kelley,22846598
Joon Lee,38780845
Stephen Rea,72540
Dougray Scott,6451401
Jason Bateman,89839362
Thomas Horn,0
Brandon Barrera,1701059
John Robinson,0
Gary Oldman,152878928
Sean Rogerson,4051863
Nathan Fillion,0
Rob Corddry,15628041
Ray Stevenson,151479470
Robert Taylor,481798
Mohammad Arif Herati,1971479
Brian Bosworth,24940852
Anthony Edwards,18894869
Michael Clarke Duncan,538554
Peter Dinklage,49409847
Ahmaogak Sweeney,25268680
Michael Madsen,5946846
Dev Patel,90863543
Seth MacFarlane,84851658
Andy Lau,40311790
Julian Fellowes,20369407
Andy Kaufman,1841593
Takeshi Kaneshiro,22059528
Matthew Dyktynski,6805827
Douglas Booth,14149517
Gary Commock,0
Tommy Flanagan,1245746
Gregory Hines,18740
Alan Van Sprang,24586877
Michael Polish,1836950
Danny McBride,42985605
Robert Redford,64271764
Liam Hemsworth,113821249
Luke Evans,142457449
Justin Bradley,11273512
Devin Brochu,11715468
Kang-ho Song,24985277
Dan Fogler,116290774
Christian Bale,217742101
Steven Seagal,3091398
Alain Moussi,31539677
Rusty Joiner,9497220
Savion Glover,2548868
Jimmy Smits,66385267
Justin Guarini,703166
John Billingsley,4823945
Jeff Anderson,14560576
Chris Pine,100914781
Jackie Gleason,16567844
Martin Stringer,77208711
Rob Lowe,10414153
Josh Lucas,25580641
Scott Charles,46970738
Leo Fitzpatrick,12175
Michael Nouri,8932
Dale Midkiff,577
John Malkovich,34805278
David Strathairn,74629460
Kirpatrick Thomas,0
James Spader,89227767
Patrick Huard,2394299
Michael Beck,2637761
Corey Hawkins,18931126
Giancarlo Esposito,97726022
Peter Sarsgaard,27296332
Grigoriy Dobrygin,7054728
Stuart Buchanan,61641828
Isaiah Washington,829732
Ed Speleers,27185541
Alex Gibney,320895
Maurice Compte,22293696
Ted Wass,672058
Ed Helms,17053291
Neil Armstrong,0
Zach Braff,34153588
Connor Price,4465536
Rainn Wilson,657083
Royal Dano,5800184
Christian Stolte,2576
Austin Basis,7213432
Ken Kirzinger,1854747
Stephen Graham,451437
Randeep Hooda,8916965
Rocky McKenzie,6812530
Marshall Allman,771942
Ariel Levy,0
Victor Rasuk,72527304
Jonathan Winters,51412977
Jamie Kennedy,1245983
Martin Sheen,20206097
Geoffrey Lewis,539153
Christopher Shand,4434347
Presley Chweneyagae,5178492
Costas Mandylor,7433846
Ibrahim Aba-Gana,63024
Jon Lovitz,0
Anthony Quinn,10406201
Ray Anthony,92941240
J.J. Abrams,9621965
Anjul Nigam,40844289
Lewis Black,78750325
Matt Lanter,10469235
Dave,82497035
Jeff Davis,10642373
Michael Shannon,69232071
Jason Mewes,176998
Anthony Hopkins,80045696
Jim Gaffigan,3756298
Dermot Mulroney,9060691
Dave Chappelle,23058452
Mark Boone Junior,1148879
Jordan Carlos,231931
Erik Per Sullivan,179834133
Joseph Cotten,6866676
Anthony Anderson,9636694
James Gammon,11323154
Jansen Panettiere,407183
Paul Gross,4710939
Micah Sloat,56109081
Jack Hawkins,213893
Dan Montgomery Jr.,11119575
F. Murray Abraham,12131586
Anthony Johnson,22720773
Alan Arkin,44648711
Alan Cumming,6044154
Eric Bogosian,8317521
Marc Singer,14210493
Michael Lonsdale,3306862
Sam Claflin,139982856
Troy Gentile,33802414
Sylvester Stallone,53918831
Ted Levine,10416959
Patrick Davidson,600896
Jonny Weston,32501079
Daniel Day-Lewis,41016147
Leonid Yarmolnik,2588054
Kevin Bacon,10716632
Jimmy Jean-Louis,7779543
Nikolaj Coster-Waldau,46767107
Rodney Dangerfield,21940374
George Babbit,13570543
Ed Harris,58415215
Paul Birchard,117002087
Derek Luke,32485935
Ian Somerhalder,18033322
Richard Gere,13130548
Takuya Kimura,35484524
Tom Hardy,131643068
J.T. Walsh,16992502
Jared Harris,52382084
Justin Braine,48437810
Jamie Foxx,133746607
Ice Cube,28362289
Jason Fricchione,393946907
Sam Rockwell,7056892
Thomas Mann,5982559
Callan McAuliffe,26337480
David Lochary,74473
Chazz Palminteri,2737834
Cuba Gooding Jr.,9373570
Gregor Fisher,17202618
Michael Joiner,0
Mads Mikkelsen,157481495
Benjamin Fletcher,0
Roger Allam,12073602
Bill Moseley,4644247
Khalid Abdalla,16234054
Raymond L. Brown Jr.,135436
John Wayne,21204343
John Saxon,6373364
Morris Chestnut,48374090
Karra Elejalde,9424804
Carlos Amezcua,19921615
Vincent Lindon,6466046
Bin Won,1809048
Laurence Fishburne,166786353
Columbus Short,20868208
Tom Guiry,296248
Charles Grodin,10733484
Barry McEvoy,10421021
Cary Elwes,12179916
Tyler Perry,41179538
Kostja Ullmann,2774530
Asa Butterfield,33948403
Robert Pastorelli,19656625
Richard Armitage,276050087
Max Records,30319359
Bobby Kendall,4115
Noah Ringer,213142587
Daniel Huttlestone,101751186
Gabriel Bateman,16995430
Ron Livingston,6601159
Emil Pinnock,7086507
Adam Bousdoukos,9656
Johnny Messner,11516181
Robbie Amell,9477009
Freddie Jones,6571154
Charlton Heston,79426161
Mario Yedidia,5052868
Harry Belafonte,2940826
Ian McNeice,23251379
John Schneider,2074903
Hal Scardino,14297871
Pat Healy,349339
Bradley Johnson,29584321
Billy Ray Cyrus,11607896
Philip Seymour Hoffman,69919865
Richard Riehle,306188
Jean-Louis Trintignant,2601946
Austin Butler,4088072
Skeet Ulrich,1851303
Rudy Basquez,1227508
Norbert Ferrer,9628078
Matthew Fox,63351833
John McMartin,11986516
Skylar Astin,9536284
Chadwick Boseman,84240911
Travis Fimmel,28949466
Alexander Siddig,16501413
David Ryall,22244924
Chris Ferreira,389174
Richard Attenborough,105604300
Domhnall Gleeson,185438609
Simon Baker,47161630
Andy Garcia,30148544
Aaron Taylor-Johnson,150094511
Thomas Gibson,13349484
Heath Ledger,72457700
Timothy Stack,25810335
Mitsuo Iwata,5523333
Saul Williams,2011096
Ricky Jay,6263917
Patrick McGoohan,33909133
Christopher McDonald,12904933
Nate Hartley,37792
Barry Foster,168601
Guy Pearce,873419
Gabriel Byrne,927877
James Corden,44589390
John DiMaggio,4411
Peter MacNicol,20717113
Colin Farrell,93196236
Tim Eddis,15508672
Michael Jackson,555288
Adam Carolla,6287
Brendan Cowell,23635804
Kiefer Sutherland,16521474
Ellar Coltrane,5827949
Stephen Rannazzisi,22818296
Andrew Garfield,33468578
Brian Krause,2418
Robert Duvall,41881203
Jacob Vargas,8277430
Julian Sands,14395392
Nicholas Farrell,6708817
Robbie Coltrane,109238167
Jorge Diaz,8305833
Ty Burrell,75991495
Eric Bauza,37308058
Nick Sullivan,1646030
James Sheridan,0
Jake Gyllenhaal,37667610
Tom Everett Scott,29171109
Hayden Christensen,19093528
Alan Dukes,1084863
Cung Le,8669584
Lee Evans,17893515
Brandon Gonzales,5833080
Daniel Craig,372774112
Neel Sethi,481950561
Blair Underwood,1141740
John Cazale,53360732
Craig Bierko,248333
Gilbert M. 'Broncho Billy' Anderson,0
Jay Brazeau,4672078
Ben Foster,58346823
Chad Michael Murray,1934925
Robert Englund,30312797
Djimon Hounsou,100085346
Neal McDonough,4249369
Garrett M. Brown,10508939
Dan Stevens,10038086
Dwayne Johnson,71395927
Garry Shandling,115046022
Peter Mullan,17195023
David Carradine,1013203
Peter Vaughan,2600486
David Brisbin,15091305
Eric Stonestreet,70717192
Tobey Maguire,30746754
Bill Maher,20470946
Val Kilmer,13903580
Sebastian Koch,33358786
Wesley Snipes,19457982
Jaime Zevallos,514305
James Karen,283113
David Warner,1882338
Larry Guy the Cable,2560395
Jim Lampley,41488380
Gerard Damiano,1438
James Badge Dale,70749758
Sam Neill,7443792
David Aaron Baker,9170090
Antoine McLean,134657
Ahn Sung-ki,8350855
James Mason,8188229
Matthieu Chedid,16176962
Gattlin Griffith,17302659
Richard Jordan,22977932
Chris Haywood,8947291
Louie Leonardo,1843693
Leonardo DiCaprio,220027943
Wes Ramsey,57312
Michael Keaton,115927416
Kris Kristofferson,7582369
Scott Elrod,44434524
Jesse Lee Soffer,13442944
Andrew Caldwell,0
Aaran Thomas,40291655
Steve Railsback,0
John Lithgow,54902606
Matt Damon,136623867
Chris Berman,29194855
Steve Martin,39767901
Rain,15119434
Brad Hunt,348474
Liam Aiken,12491571
Anton Yelchin,22736870
Kareem Abdul-Jabbar,31445302
Nick Cassavetes,49228092
Klinton Spilsbury,4466666
Bam Margera,434139
Michael Wincott,3923589
Ka Tung Lam,9574870
Claude Akins,1503590
Fredric March,1203947
Charlie Hunnam,43624368
James Lashly,21375117
David Keith,5135183
Matthew McConaughey,136558130
Jay Mohr,7875922
Alberto Reyes,26927601
Chris New,3855471
Ben Weber,4856163
Scoot McNairy,73902786
Peter Meadows,920124
Josh Hamilton,7208251
Carter Jenkins,1323796
Robert Fontaine,955850
Kirk Cameron,2298146
David A.R. White,15000256
Steven Brand,7925092
Cesar Ramos,257
Joe Howard,3714722
Bruno Ganz,11261872
Paul Bagget,21277770
John D. LeMay,7398816
Sean Penn,42930943
Jeremy Irvine,12585914
Richard Kind,0
Logan Lerman,41047862
Anthony Ramirez,51354899
Spencer Vrooman,35752596
Vinnie Jones,4100670
Ari Folman,0
Nat Wolff,37535993
Ben Whishaw,138187030
Brian Ames,1578
Oliver Reed,2435973
Vladimir Menshov,246106
Richard Harris,48674648
Brandon T. Jackson,14098714
Rupert Evans,16057959
Rufus Sewell,42899917
Terence Stamp,49110192
Holt McCallany,49386389
Topol,19184803
Sinbad,15049848
Joel Courtney,4174872
Adam Goldberg,3012760
Ian Gamazon,71644
Jonathan Taylor Thomas,5009542
Philippe Petit,935511
Hugh Grant,80312456
Clark Duke,41965342
Jacques Perrin,6311689
Jason Trost,9654929
Litefoot,9377224
Edward Clements,49919000
Diljit Dosanjh,916154
Marvin Chatinover,9202774
James Nesbitt,184202775
Steve Whitmire,5181870
Dennis Hopper,15586942
Rakim Mayers,15328127
Nelsan Ellis,24622459
Richie Havens,0
Sam Riley,58095706
Shane West,15176118
Eddie Jones,24667785
John Cleese,49197301
Elden Henson,21712373
David Kelly,66647384
Karl Glusman,2895783
Frederick Stafford,500000
Damon Wayans,9493452
Arthur Dupont,2836351
Richard Boes,375558
Nicol Williamson,12073465
Jonathan Rhys Meyers,13740895
Elijah Wood,15694538
Josh Keaton,589089
Carl Mazzocone Sr.,2808427
Gregory Sporleder,11582308
Corey Sevier,0
Craigus R. Johnson,2614308
Coolio,1978571
Stanley Baker,294581
Topher Grace,42044106
Steve Wiebe,104444424
Luke Bracey,77814044
Leehom Wang,9612099
Patrick Fabian,987000
Paul Rudd,98867410
Warren Beatty,31182463
Vince McMahon,0
Dustin Milligan,5767150
Wagner Moura,22200574
Arron Shiver,21142899
David Bedella,48034
James Woods,17788084
Adam Lamberg,13893481
Lee Van Cleef,7732030
Viggo Mortensen,210045800
Togo Igawa,7510
Josh Holloway,15314525
Dominic West,78425266
Kevin James,85090007
Kevin Pollak,6031975
Gavin MacLeod,1331077
Bobby Boriello,31272964
Roddy Piper,11418
Chandler Canterbury,44969482
Thomas Bo Larsen,9042131
Masane Tsukayama,0
Henry Ian Cusick,16373516
George C. Scott,9627841
Ziggy Marley,41324115
Armin Mueller-Stahl,11424265
David Schwimmer,44866843
Tyrone Brown,1498506
Tien You Chui,26805750
Dario Nozic Serini,8462
John Megna,32995195
Yorick van Wageningen,11067472
Russell Wong,28347174
Lennie Loftin,22768745
Fei Lung,0
Simon Pegg,209703172
Barret Oliver,15829028
Joe Mantegna,0
Jan Skorzewski,456814
Dabney Coleman,6936243
Josef Altin,9932050
Mark Addy,35565392
Lochlyn Munro,1144
Will Smith,218238397
Scott Eastwood,79448770
Ken Davitian,0
Garret Dillahunt,795
Vincent D'Onofrio,155410374
Idris Elba,320173723
Bud Cort,31571743
Brett Granstaff,23407
Jason Biggs,55639069
Donald Holden,342722
Zach Cregger,17437458
Shawn Wayans,26296359
Tom Arnold,255567
Max Charles,65779752
Chris Pratt,230628981
Jason Lee,18320504
Joseph Fiennes,17619434
Zachary Quinto,98366487
Brenton Thwaites,62008415
James DeBello,19186369
Daniel Tay,43566286
Stephen Furst,695345
Sharlto Copley,83291712
O'Shea Jackson Jr.,101021940
Alfredo Armenteros,5256839
Benjamin Bratt,39883121
Mel Brooks,14986221
Ernst Jacobi,2143920
Greg Collins,3039037
Al Pacino,16450416
Ewan McGregor,152579280
Allan Gildea,207188
Ben Affleck,148995615
Iko Uwais,345002428
Marques Houston,7182232
Ji-tae Yu,2041391
Jack Nicholson,100178274
Roddy McDowall,17658823
Jean Dujardin,45785077
Jason Sudeikis,28434237
Mark DeCarlo,197554
Colm Meaney,11060274
Plan B,3683545
Stian Smestad,15024232
Toby Jones,19617520
Joshua Tickell,609
Michel Beaudry,3433926
Hudhail Al-Amir,56200634
Ernest Borgnine,8806193
Laurence Olivier,3694920
Dick Clark,21544044
Petr Ratimec,52649819
Pat Hingle,9637844
Kevin Corrigan,57762
Colin Quinn,27546819
Corbin Bleu,135231
John Cameron Mitchell,7926218
Ki Hong Lee,38804312
Jonathan Lipnicki,5776
Alec Guinness,7648156
Alexander Polinsky,69440665
Jason Alexander,50126
Boris Kodjoe,40984049
Robert Townsend,3392057
Ray Allen,11234300
Zayn Malik,0
Brad Dourif,5637297
John Turturro,84708677
James Marsden,4702708
Master P,1310608
Dr. Dre,11582706
Keir Dullea,7021863
Kal Penn,34335
Ron Perlman,99171609
Don Thompson,30412291
Mathew Baynton,14261797
Nate Parker,10086577
Ted Danson,45221194
James Garner,16290214
'Weird Al' Yankovic,635808
Pierluigi Marchionne,74363777
Todd Allen,31947213
Brady Corbet,1940807
Karl Malden,1853321
Edward Burns,19619107
Barry Bostwick,16973
Rudy Blomme,5992725
Tracy Morgan,42418266
Clifton Collins Jr.,37008828
Roscoe Lee Browne,18753850
Lloyd Avery II,16078133
Hoyt Axton,1863292
Christian Friedel,3881176
Anthony Rapp,4884900
Igal Naor,7428978
Christopher Gorham,9832
Ron Moody,113790
Jim Parsons,11007263
Roger Jackson,5209162
Richard Belzer,5401753
Tim Allen,15245929
Carlinhos Brown,97503961
Beau Daniels,3067618
Geoffrey Blake,4207557
Jensen Ackles,7663182
Alex Lawther,21511314
Zach Gilford,13561751
Justin Bieber,3329
Michael B. Jordan,40715769
Jack Black,18400291
Ye Liu,6735704
Lou Diamond Phillips,1835112
Rupert Grint,6168920
Vincent Price,7119448
Vin Diesel,108476005
Lambert Wilson,40869
Mike Epps,6907893
Tony Jaa,7988865
Matthew Perry,3405502
Pablo Schreiber,626666
William Sadler,1458107
Teo Halm,6071680
Kenan Thompson,40256138
Manolo Cardona,0
Jesse Bradford,2344730
Vincent Gallo,2493103
Keenen Ivory Wayans,20460644
Tyler Hoechlin,15560713
Gary Cooper,1702772
Goran Kostic,31157217
Sam Ball,2155387
Hugh Bonneville,33173252
Paul Dano,36612769
Vincent Spano,27027
Hugo Weaving,222356540
Henry Rollins,0
Xavier Atkins,72646320
Dan Aykroyd,75627836
Evan Adams,955043
Eric Christmas,3190012
Matthew Bohrer,3965395
Terry Camilleri,16803857
Sean McGinley,2040324
Hugo Stiglitz,10261970
Rudy Eisenzopf,33298655
Romain Duris,4193790
Trey Parker,13505666
Stephen Baldwin,2422075
Luke Kirby,102672
Ohad Knoller,10255990
Jake Andolina,32147612
Scott Speedman,24971492
Charlie Tahan,13229433
Robert Bathurst,9049257
Redman,3729239
A. Russell Andrews,12632804
Jason T. Davis,39817
Kit Harington,24851870
Patrick Dempsey,101566392
Colin Hanks,22813151
Bertrand Cantat,4230426
Nigel Havers,1188372
Robert Hoffman,5414602
Tom Green,493586
Jeremy London,166661
Raymond J. Barry,72042038
Juan Gabriel Yacuzzi,12198011
Ben Diskin,589089
Mark Webber,422117
Joshua Leonard,4610051
Jimmy Fallon,91270251
Morgan Freeman,78297584
Om Puri,32886
Daniel Radcliffe,15580079
Taylor Handley,21190695
Tim Bellow,2669558
Miles Fisher,22012710
Christoph Waltz,178248658
Adam Butcher,13933528
Eddie Baroo,2756172
Richard Stratton,15407104
Alex Rocco,186351
Ryan Kelley,5335595
John Patrick Amedori,6506126
Richard Linklater,20190247
Harry Connick Jr.,14678471
D. David Morin,2297467
Josh Peck,61032444
Michael Parks,40401249
Adrian Dunbar,4245717
James Franciscus,1141159
Dennis Quaid,10621434
Bobby Coleman,16304822
Gregory Peck,18982678
Gerard Butler,82109392
Jean-Paul Belmondo,1472141
Keir Gilchrist,2040982
Ashton Kutcher,45187447
Clive Owen,12837432
Ving Rhames,96901
Jason Patric,3023286
Nicholas Rowe,5148805
Carey Means,2760184
Corey Johnson,38809781
John Hurt,21137817
Vince Vaughn,60879424
Michael Kanev,159167
Jeff Geddis,1536952
John Schuck,4006564
Dakota Goyo,64646466
Roger Barclay,21006289
Wesley Jonathan,46642
Jonathan D. Mellor,356163
Kane Hodder,0
Keith David,0
Brad Renfro,2274628
Adam Sandler,68354637
Bruce Payne,369917
Saif Ali Khan,8519261
Max von Sydow,170731996
Barry Watson,962838
Tom Burlinson,947439
Adam Scott,11647542
Julian McMahon,25452058
Josh Hartnett,45718
Christian McKay,12508445
Patrick Wilson,51163383
Alfred Molina,0
Peter Gallagher,19191966
Mark Strong,52835214
Ossie Davis,31926327
Peter Paul,15760239
Jamie Campbell Bower,59088384
Tyrese Gibson,206572580
Steffan Boje,16620514
Paul Sanchez,4632220
Neil Barton,17996327
Benedict Cumberbatch,155479209
Forest Whitaker,86355430
Gerard McSorley,27175309
Desmond Harrington,83694476
J.P. Davis,167142
Nicholas D'Agosto,222117
Seann William Scott,151234685
I. Gusti Ayu Puspawati,206598789
Sam Worthington,38715291
John Gilbert,1359347
Jacob Pitts,13310112
Iain Rea,1455547
Paul Bettany,264405066
Christian Clavier,2222499
Timothy Spall,20769943
Spencer Tracy,3632208
Tom Felton,41022835
James Deen,0
Stephen Boyd,744
Emjay Anthony,119816761
Michael Stuhlbarg,81367206
Petchtai Wongkamlao,16295300
Tom Skerritt,33964707
Kristoffer Polaha,13905667
Rana Daggubati,6499125
Harry Melling,254396861
Buzz Aldrin,93649211
Josh Hutcherson,132569239
Angus Macfadyen,7502795
Dane DeHaan,38702167
Josh Zuckerman,4010612
Craig T. Nelson,90746064
D.L. Hughley,1703811
Benjamin Sheeler,1551401
Steve Harvey,33877777
Charlie Sheen,35196262
Adrian Paul,91546
Ryan Gosling,62520766
John Fiedler,6009230
Jeff Garlin,6753200
Rutger Hauer,50584320
Randy Baranczyk,766947
Danny Trejo,1090380
Daryl Wein,594655
Mark Margolis,16543248
Joshua Jackson,3979534
Alec Baldwin,5792276
Jay Chou,28153150
Justin Long,17632805
Jack Nance,1703016
Robert Downey Jr.,362607942
Stan Collymore,0
Tom Cruise,183502020
Ian Bannen,18561014
Xavier Samuel,16434861
Gregg Henry,79746301
Jung-jae Lee,20426444
Dolph Lundgren,8322067
Stephen Chow,7756361
Clayne Crawford,12796673
Richard Brancatisano,888985
Jeremy W. Auman,630779
Crispin Glover,4407888
Allen Covert,95522376
Frank Wood,3303588
Amitabh Bachchan,434209
Jack Warden,18868088
Joe Cole,57205667
Orlando Bloom,121024732
Taylor Bostwick,0
Leonard Nimoy,226690486
Temuera Morrison,50751661
Lee Marvin,7018543
Ian Hart,114888
Craig Wasson,11763149
Rory Cochrane,39628091
Harold Ramis,80674179
A.C. Abadie,195971
Bill Murray,91776617
Jonathan Caouette,402249
Nicky Katt,89339573
Mark-Paul Gosselaar,3082203
Paul Blackthorne,22169411
Arthur Franz,1139325
Ice-T,11395764
Owen Wilson,20660375
William Dick,44995764
Dwight Henry,5621348
Big Boi,2398309
James B. Douglas,3374295
Rupert Friend,6817038
Burt Young,14527
Dan Yeager,0
Michiel Huisman,46808895
Hugh Gormley,11634684
Jeff Branson,49275
Michael Pitt,32261080
John Cusack,9379170
Benicio Del Toro,102228742
Clark Gable,3350406
David Sullivan,0
Dylan Minnette,21229136
Greg Kinnear,6525253
Yun-Fat Chow,45727149
Roy Atwell,17407132
Tom Hanks,57619771
Robert Sean Leonard,3123486
Wayne Newton,17304481
Frank Langella,17890569
Toni Servillo,5775813
Hugh Jackman,87210690
Gerald McRaney,19894922
Ray Romano,95320782
Ray Milland,0
Dominic Cooper,79330896
Hiroyuki Sanada,116984074
Yasiin Bey,15666290
Edmund Gwenn,23640476
Tony Curtis,2955525
Cedric the Entertainer,23624448
Randy Quaid,14934409
Jason Yachanin,3231
James Wolk,2821827
Oscar Steer,24449966
Martin Short,11604859
Gyurme Tethong,5686694
Adrien Brody,25070635
Barry Pepper,80745497
George T. Odom,3905312
James Franco,0
Robert Foxworth,261685022
Ralph Macchio,1509456
Jean-Luc Bilodeau,977713
Mike Nawrocki,779320
Don Cheadle,152403511
Brian Kerwin,13719481
Billy Connolly,136473177
Milo Ventimiglia,15219198
Brian Keith Allen,15918890
Thure Lindhardt,18420
Eion Bailey,5904395
Richard Roxburgh,36883091
Ken Watanabe,203191039
John Simm,26940899
Andrew Chalmers,1495376
Jake Weber,12318573
Jon Hamm,91610255
Miles Teller,74739732
David Morse,40419050
Robert Wahlberg,63049889
Chris Tucker,56274162
Sam Waterston,1934518
Matt Walsh,24257063
Frank Grillo,163429565
Wilbur 'Hi-Fi' White,237474
Alex Pettyfer,45918157
Max Martini,58856942
Glenn Erland Tosterud,1902212
Mark Wahlberg,144799396
Taylor Kitsch,54459400
Matthew Broderick,23121740
Hal Holbrook,24353445
Ryan Phillippe,11804572
Michael York,59726221
David Koechner,3293363
Peter Coyote,179323
David de Vries,92957778
Nigel Whitmey,19187071
Marlon Brando,58514381
William Shatner,10177
Jake Short,13649042
Martin Freeman,231173787
Jon Finch,14466093
John Lloyd Young,17030799
Ward Horton,38607719
Dylan McDermott,18807833
Calvin Green,64502
Kelan Pannell,0
Matthew Price,65121280
Josh Wiggins,10927476
Arshad Warsi,1817862
Garrett Hedlund,79943701
C. Thomas Howell,673817
Joshua Peace,34879944
Michael Angarano,10910584
Christopher Carley,24667286
Simon Quarterman,6934868
Geoffrey Rush,152387163
Thomas Turgoose,15452200
Dane Cook,24060901
Chevy Chase,9801390
D.B. Sweeney,2747572
Zachary David Cope,72239406
Charles Berling,510513
Thomas Law,852
Shia LaBeouf,188565799
Sebastian Stan,185745722
Omarion Grandberry,9325865
Karl Urban,74334656
Eric Stoltz,1299690
Christopher Abbott,2229199
Laurence Belcher,4147598
Noel Appleby,202861432
Jacob Zachar,1244599
Alex O'Loughlin,26041491
Aidan Gillen,36714400
T.R. Silambarasan,30253
Robert Boulter,1278301
Jeffrey Tambor,45328405
Michael Jai White,3144626
Jan Gerl Korenc,8462
Delroy Lindo,62224839
Guillaume Baillargeon,16999495
Ang Phula Sherpa,0
Sunil Shetty,47780139
Shawn Hatosy,12296587
Jack Lemmon,13677676
Andrew Parks,7304095
Colton James,2144627
Patrick Macnee,87503563
Nozomu Sasaki,2198159
Jan Decleir,0
David Arquette,3615616
Chad Allen,968911
Lukasz Simlat,999
Nikita Hopkins,9550163
Sammo Kam-Bo Hung,2816289
Cory Hardrict,75512405
Roger Bart,1674439
Brian O'Halloran,5514241
Diedrich Bader,16353333
Min-sik Choi,33024653
Ben Barnes,80311078
Paul Hogan,42164517
Jordan Peele,12170797
Armando Espitia,267747
Cleavon Little,33525548
Suraj Sharma,129466294
Chris Pontius,3416379
Aidan Quinn,8176526
Ricky Gervais,13576338
Albert Brooks,243416862
Juan Piedrahita,22660611
Zach Grenier,19352141
Shehzad Sheikh,8860
Billy Dee Williams,33942556
Rick Malambri,8547739
Yul Brynner,3255059
Jimmy Bennett,28414633
Woody Allen,23435677
Riz Abbasi,5710830
Alden Ehrenreich,14932715
Douglas Barr,6768568
Bradley Cooper,122792643
Jeremy Piven,34068607
Warren Christie,18726439
Oded Fehr,13855384
Steve Buscemi,3541611
Daniel Stern,7879340
Thomas Haden Church,40445332
John Hawkes,19553001
Frank Aldridge,175520209
Paul Giamatti,45347686
Bill Paxton,28870219
Christopher Lloyd,2887915
Nigel Hawthorne,8359182
Daniel Travis,30317465
Steve Carell,122063724
Edwin Lagda,71644
Mark Duplass,25439472
Amir Farrokh Hashemian,1628579
Tom Courtenay,25635854
Richard Wilson,532028
Barry W. Blaustein,83153972
Nick Cannon,0
Senyo Amoaku,61662217
Bruce Campbell,42622798
Samuel Anderson,2729258
Aeryk Egan,1722241
Bruce Gleeson,30766
Terrence Howard,16265203
Chris Cooper,30730250
J.B. Smoove,53724056
Mark Ruffalo,224670158
Mauricio Kuri,0
John Belushi,37334793
Fred Gwynne,38589687
Campbell Scott,84935
Robert Knott,6043842
Joss Ackland,606722
Adam Trese,44526477
Christopher Meloni,2184122
Tucker Albrizzi,7207977
Michael Sheen,38133609
Jason Cope,14433248
Montgomery Clift,1701913
Jon Favreau,122717521
Robert Patrick,7010179
Cliff Robertson,22056355
Eric Roberts,274732
Sullivan Stapleton,11702454
Marty Feldman,7786418
Ed Skrein,62884961
Bernie Mac,52224614
Rab Affleck,30560590
Henning Moritzen,10996930
Terence Donovan,31648901
Guillaume Denaiffe,2686049
John Pingayak,25268680
French Stewart,891983
Ananda Everingham,491
Kodi Smit-McPhee,47071889
Caerthan Banks,3975623
LL Cool J,22077597
Willie,2279959
Michael Douglas,27872684
Bob Balaban,20670719
Steven Bauer,4395260
Aaron Paul,40106627
Craig Robinson,26765634
William Mapother,106486286
Henry Goodman,163820777
Rodrigo Santoro,10997656
Trent Ford,6603517
Andrew Breitbart,0
Ian Mongrain,193500000
Macaulay Culkin,1963667
Charles King,0
Colm Feore,26905
Denzel Washington,106585059
Hugh Dancy,36849578
Scott Glenn,77508927
Tom Noonan,23332066
Richard E. Grant,9471123
Daniel York,5575021
John Goodman,112889565
Jeff Lima,3737260
Steve Sandvoss,4366493
Diego Klattenhoff,37958538
Gerry Cooper,3290
David Spade,7371578
Jeff Daniels,101854141
Patrick Stewart,7558994
Gene Wilder,11616623
Mina E. Mina,14824547
Chris O'Donnell,20572249
Hussein Sami,16038343
Joel David Moore,7155214
Gregory Smith,2370904
Kieran Culkin,12022024
Sean Bean,80451316
Julio Oscar Mechoso,1356980
Michael Weston,1230991
Dominic Purcell,86116
DJ Qualls,2371767
Larry Miller,34571
Joseph Mazzello,36681395
R. Brandon Johnson,13176837
Bruce Greenwood,269623
Alessandro Nivola,48607086
Jackie Chan,54210376
Jon Voight,56198494
Jesse Metcalfe,2001171
Jeffrey Wright,72418822
Kayvan Novak,15659569
Ryan Merriman,434168
Joel Edgerton,62176645
Derek Richardson,21109609
Don Murray,544901
Leland Orser,3127325
Simon Rex,267
Jay Laga'aia,4499116
Shawn Driscoll,23266983
Diego Luna,97146231
Adewale Akinnuoye-Agbaje,103088501
Frank Adu,31227147
Ezra Miller,145188939
Ben Chaplin,59946672
Raul Julia,33994494
Usher Raymond,8960088
Paul Anderson,85152943
Henri Garcin,12989569
James Ransone,84711
Holmes Osborne,12253666
Michael Davis,3050934
Alex Kendrick,19178401
Michael Chiklis,6788452
Zachary Bailess,12971000
Jude Law,56830970
Judge Reinhold,2039004
Blake Anderson,17887206
Akshay Kumar,1169166
Giuseppe Andrews,5361
Method Man,9893824
James Keane,12094104
Per Christian Ellefsen,154902
John Boyega,147059702
Christopher Eccleston,79088550
Mike O'Connell,5723823
Robert Wieckiewicz,3458577
Astro,20856626
Jeremy Sisto,645798
Alex Ferris,16541108
John Hannah,13570266
Bob Hoskins,26019097
Robert Shaw,36846321
Baoqiang Wang,37951476
Eddie Cibrian,9908274
Macon Blair,606095
Rick Yune,48539432
Loren Dean,24871960
Mickey Rooney,10731461
George Kennedy,7708108
Jim Sturgess,14969414
Danny DeVito,21060320
Sacha Baron Cohen,41647529
Tim Robbins,2913989
Walter Raney,0
J.K. Simmons,53542570
Adrian Grenier,24036930
Edward Norton,81475107
Ronald South,6250000
Leopold Stokowski,0
Ricky Schroder,10665835
James Coburn,7375491
Bruce Willis,55956848
Domenick Lombardozzi,32262053
Chris Messina,270412
Emilio Estevez,29753088
Fernando Rey,0
John Leguizamo,42994657
Jean Reno,70122506
Jeremy Suarez,35820116
Keith Carradine,3664852
Patrick Fugit,28918053
Chris Bisson,2917489
Michael Rosenbaum,286817
Malcolm McDowell,0
Jeremy Renner,292860121
Damon Wayans Jr.,19727016
Taimak,12565641
Vincent Piazza,6274677
Tupac Shakur,9139403
Jonathan Breck,7645617
De'aundre Bonds,11886344
Mekhi Phifer,54947985
Jason Beghe,345093
Michael Bailey Smith,92470
Paul Schneider,14026862
Benjamin Walker,19688698
John C. Reilly,58595841
Mark Lewis Jones,20714321
Anthony Chau-Sang Wong,823942
Lombardo Boyar,44202228
Zac Efron,53547481
Jack O'Connell,14590729
Tate Donovan,29402685
Martin Hancock,5269023
Gerry Becker,8505546
Corey Burton,0
Deems Taylor,0
Martin Raymond,144552
Adam Brooks,33375159
Tal Bachman,0
Aml Ameen,25833235
Scott Wilson,17785230
David Banner,11300869
William H. Macy,18294194
Penn Badgley,10070837
Joe Biden,0
Michael O'Keefe,16006993
Connor Paolo,37321166
Jesse Eisenberg,107530576
Jason Davis,16374571
Robert Stadlober,273394
Adrian Rhodes,20898221
Richard Griffiths,131615799
Sean Maguire,5290426
Bruce McFee,21687699
Herbert W. Ankrom,63078756
Brian Van Holt,13771371
Ramon Rodriguez,87060435
Mike Starr,67213
Scott Caan,6999314
Shane Carruth,1255585
Stevie Wonder,9170542
Andy Samberg,13158901
Aksel Hennie,51592665
Leon,71378
Paul Walker,54654188
Sean Lawlor,11211638
Mark Aldrich,3565193
Otto Jespersen,1902212
Gary Sinise,49073571
Saeed Jaffrey,2014531
John Corbett,11869014
William Gates,0
Evan McGuire,3582797
Norman Reedus,6683922
Victor Mature,17923678
Taye Diggs,10049308
Rob Brown,111787164
Danny Glover,10535299
Cody Linley,35273481
Rupert Everett,8583690
Drake Bell,6924
Oliver Cooper,19652942
Zack Pearlman,15669970
Sean Faris,19303
Winston Chao,15503131
Chris Sanders,94071933
Scott Porter,12078948
Zac Mattoon O'Brien,9000700
Craig Ferguson,31294374
River Phoenix,32200765
Shah Rukh Khan,12587121
Dwight Yoakam,31077206
Rob Brydon,34585859
Woo-sung Jung,7957218
George Carlin,52684934
Humphrey Bogart,4343949
Joey Kern,529
Michel Joelsas,942554
Butch Helemano,10297084
Seth Rogen,27098853
Rowan Atkinson,53975510
Donald Sutherland,90764715
Alfred Abel,754
Miles Heizer,14908602
Pitobash,4535844
Tony Chiu-Wai Leung,28841647
William Hurt,74503400
Thomas Curtis,32477876
Burt Lancaster,8148561
Rob Devaney,5239464
Don Johnson,63510707
Dylan Haggerty,21875762
Clu Gulager,178776
Dick Van Dyke,38264647
Eminem,16306032
Brendan Fehr,43137396
Tommy Lee Jones,88956281
Peter Berg,106939869
Ioan Gruffudd,43478283
Brendan Fraser,57219513
Robert Urich,3057008
Chaney Kley,16387788
Sid Haig,615904
Cyril Raffaelli,38110099
Dan Castellaneta,19974174
Thomas Mitchell,4063522
Dylan O'Brien,89996987
Simon Merrells,7588663
Aleksandr Chutko,7183
Danny Aiello,3336826
Christopher Shyer,9916428
Brandon Routh,18104909
Lucas McHugh Carroll,0
Adam Pascal,11015824
Reese Mishler,6381288
Rick Moranis,62294265
Kenneth Branagh,22278713
Tom Kenny,48235077
Aaron Stanford,5800798
Boyz II Men,0
Will Keenan,3152941
50 Cent,31871721
Bob Dorian,23495863
Carlos Gallardo,9139568
David Connolly,364599
Ben Wilkinson,21702678
Ivan Dixon,18947687
Vincent Perez,176981
Terry Crews,10828971
Timothy Dalton,42487029
Matt Bomer,29363849
Dato Bakhtadze,10475003
Arlin Miller,8059515
Don Brooks,8231
Wilford Brimley,2262294
Keith Allen,6846264
Ansel Elgort,121786674
Gene Kelly,4066370
Michael Jordan,125100000
Terence Hill,151674
Harrison Ford,184932277
Jerry Ferrara,66601322
Mel Blanc,21120617
Rupert Graves,31677
John Tormey,6460302
Chris Colfer,14305886
Craig Gellis,9983941
Klaus Maria Brandauer,21130149
Rickey D'Shon Collins,25828461
Brendan Sexton III,941
Vincent Cassel,34243379
Tobin Bell,2735
Jim Caviezel,63523102
Pierce Brosnan,5864146
Justin Timberlake,85437510
Darrin Dewitt Henson,1843671
Carl Miller,4334488
Chuck Norris,9732067
Jeremy Irons,60054917
David Duchovny,1490086
Jim Broadbent,33574763
Danny Pino,27730978
Josh Randall,11287328
Matthew Modine,94832511
Logan Marshall-Green,30156379
Ryan O'Neal,8919172
Josh Brolin,191730878
Rock Hudson,282320
Adam Greaves-Neal,1541356
Duane Jones,8253837
Brad Pitt,85343206
Graham Chapman,2477901
Paul Soter,20078433
Mark Polish,1977008
Peter O'Toole,73114757
John Lone,6836241
Leandro Firmino,2630115
Joe Pesci,59033341
Garry Marshall,8180615
Adam Beach,53292861
Marc Blucas,12854649
John Louie,13471504
Luis Tosar,9846383
David Morrissey,2733975
Hrithik Roshan,10644261
Bruce Dern,15520272
Jim Cummings,88372925
Owen Kline,8086432
Wes Bentley,68062699
Bimbo Hart,270791984
Jackson Nicoll,20912994
Jacques Gamblin,603245
Stuart Townsend,774484
Stephen Dorff,17472666
Donnie Yen,83389159
Ken Bevel,34329590
Eric Sykes,62803362
Francis Chun-Yu Ng,12313449
John Taylor,18619001
David Oyelowo,60481272
Omar Sharif,6623052
Michael Biehn,157
Adrian Alonso,1793719
Chelcie Ross,12891995
Joe Nicolo,9533964
Cornel Wilde,1894736
Larry David,23450886
Leigh Whannell,17644132
Clint Eastwood,92808535
Reggie Bannister,162
Ethan Hawke,1139651
Dylan Walsh,7629255
Max Thieriot,38979766
Tadanobu Asano,47244798
Joel McHale,15437119
Richard V. Licata,53245796
Steve Harris,20441002
Colin O'Donoghue,14273309
Peter Boyle,2210056
Laz Alonso,144280160
Tom Hulce,24880637
Matt Long,16354308
Xolani Mali,36521223
Ray Wise,815043
Shyaam Karra,12496279
Greg Hicks,38658496
Andrew Hampton,21707093
Nick Nolte,34934288
Tyrin Turner,3155719
Christian Slater,21541
Nicholas Elia,17398094
Eddie Barth,22701467
Deep Katdare,1026472
Carlos Alazraqui,0
Bill Pullman,38090519
Tommy Davidson,1062116
Victor Pagan,8989502
Moritz Bleibtreu,5208748
David Thewlis,21006861
Vinny Argiro,3370685
Long Nguyen,2415265
Dave Donaldson,16196604
Irrfan Khan,146505290
Nao Ohmori,433937
Tony Shalhoub,52121355
Rory Culkin,1087313
Jonah Bobo,718454
Jared Leto,80494977
Max Beesley,1148761
Shea Adams,43020396
Corbin Allred,2158708
Cillian Murphy,149954470
Devon Sawa,1052668
Tom Costello,45121177
Brandon Lee,1848004
Esai Morales,770663
Jason Tobin,13890154
Tim Downie,18045247
Robert Forster,17183190
Len Cariou,23837434
Scott Weinger,0
Ulrich Thomsen,4210031
Jim Dunk,2295007
Henry Cavill,134307331
Mustafa Kamel,16038343
Justin Chatwin,4986563
Jack Plotnick,1345702
Thierry Neuvic,30186616
Nicholas Blandullo,1353296
Matt Bennett,16671231
Naseeruddin Shah,2185152
Louis Koo,13706595
Lloyd Owen,4124453
James Earl Jones,61310755
Donald Gibb,34989095
Martin Landau,8734750
Alec Newman,8374257
Ian McKellen,187715569
Zachary Levi,53716876
Saurabh Shukla,19368503
Peter Sallis,4551
Timothy Olyphant,42696218
Christopher Scott Cherot,855760
Benjamin Dickinson,10502
Sarunyu Wongkrachang,41295
Arthur Agee,4486707
Kevin Kline,23392420
Kyle MacLachlan,49864135
Said Faraj,90128440
Sandro Dori,21355618
Anson Mount,3595857
Casey Affleck,66532062
Sven Nordin,3680389
Shawn Levy,41032053
Eddie 'Piolin' Sotelo,99753339
Michael Hitchcock,28603215
Joshua Close,19332221
Charlie Cox,26207011
Michael Moore,7625775
Matthew A. Brown,426103
Vegar Hoel,95352
Fred Astaire,8345110
Edward Furlong,116124
Lance Henriksen,100633
Chris Rock,19261972
Richard Philipps,0
Noah Bean,6831712
Adam Campbell,8195388
Shane Dawson,2099
Christopher Lee,146359597
Tony Cox,33780674
Randy Wayne,140482
Michael Harring,0
Greg Mottola,9822372
Brian Cox,19426684
Spencer Klein,14729418
Georges St-Pierre,119067227
Miyu Irino,79996
Luke Wilson,3801207
Antonio Banderas,20112518
Eric Balfour,7190779
Joshua Seth,0
Jason Barry,15100508
Nat Faxon,18575971
Kanye West,4692334
Carlo Verdone,1477457
William Holden,49644140
Carlos Belloso,150183
Rorke Denver,82497035
Shahkrit Yamnarm,13904626
Jeff Kahn,23929278
Michael Cera,10332844
Mohammad Amir Naji,179265
Mel Gibson,49068174
Sean Astin,38145883
Jim Carrey,36465685
Yousef 'Joe' Sweid,2476547
Roy Scheider,4685314
Christopher Nicholas Smith,14365956
Frank Welker,0
Andrew Havill,23141149
Sean Patrick Flanery,1218
Robert Bones,0
Ben Stiller,0
Bruno Campos,36172181
James Wilby,10352123
Jamie Bell,107910331
Joseph Simmons,34409236
Michael Nyqvist,4963238
Craig Van Hook,47011449
Romany Malco,24466571
Cody McMains,614723
Gary Lockwood,1846940
Levi Stubbs,12915795
Russell Bobbitt,127955447
Joshua Alscher,1579513
Russell Brand,85100657
Keegan-Michael Key,32716080
Richard Briers,7231
Honglei Sun,3542692
Curtis Armstrong,5361337
Michael Ealy,27392934
Billy Crudup,26396617
Eric Carte,20556776
Rory J. Saper,87783079
Adam Barrie,6683949
Allen Fiuzat,26908592
Elias Koteas,87633985
Flex Alexander,5857987
Victor Banerjee,137088
Patrick Swayze,1635389
Peter Capaldi,54081490
Jai Courtney,137420415
Russell Crowe,101365680
Richard Pryor,19340622
Frederick Lau,3119294
Leslie Nielsen,5723556
Steve Pemberton,185195
Cam Gigandet,53397
Tim McGraw,87042002
Will Poulter,77272968
Alex Russell,32262698
Oliver Platt,965137
Arthur Hill,6925494
Jeremy Northam,4916162
Michael Caine,239839671
Johnny Simmons,4910397
Dick Anthony Williams,5508868
Mandy Patinkin,7965184
John Candy,55306900
Paul Benjamin,4339976
Simon Farnaby,74313702
Chris Hemsworth,360722214
James Robinson,27642642
David Belle,12080641
Marcell Nagy,65619
Bruno Cremer,96673
Scott Bakula,1997160
Alan King,8384232
Tom Wilkinson,19046137
Mark Hamill,40417062
Christopher Plummer,7077825
Jonathan Tucker,34443972
Matt Cable,90381387
Steve Guttenberg,3580
Tom McGrath,163306314
Kelly Reno,11912830
Jeffrey Jones,28477213
Tim Gouran,290968
Justin Theroux,51416820
Everett McGill,15432647
Blayne Weaver,287590
Siem Vroom,2730762
Kenneth Graymez,36028802
Chris Elliott,108726
Chiwetel Ejiofor,103958767
Alan Cox,10593838
Armin Rohde,390859
Rudy Youngblood,17290324
Arnold Schwarzenegger,62940472
Orlando Jones,22572504
Paul Scofield,6566212
Glen Hansard,12433019
Burt Reynolds,0
Nathaniel Brown,489092
Tony Plana,8028822
Cliff Saunders,73565
Kyoung-gu Sul,10586573
Adam G. Sevani,47084487
Richard Dutcher,454116
Ron Howard,23502793
Stephen Dillane,7595325
Charlie Rowe,69155427
Hank Azaria,37852357
Emile Hirsch,23474862
Scott Mechlowicz,4012588
Roger Moore,13189290
Kazunari Ninomiya,6391073
Jason London,4306637
Jay Baruchel,21686761
Chauncey Leopardi,15378750
Darrell Larson,18546229
Josh Duhamel,5657350
Tye Sheridan,11281251
Mark Dacascos,30535
Flavio Parenti,12820490
Ray Liotta,8868856
Christopher Reeve,11864317
David Wayne,1453945
Peyman Moaadi,2419704
Alex Al,13451183
John Magaro,32722334
Sam Spruell,40619530
Xiaogang Feng,26543477
Daryn Tufts,436178
Clemens Schick,9930707
Jason Isaacs,22366169
Peter Stebbings,13336966
Phil Daniels,473745
Nathan Smith Jones,792431
Cole Hauser,41527729
Josh Gad,49525607
Dong-gun Jang,4661252
Ben Kingsley,84635231
Freddie Highmore,68830627
Matthew Macfadyen,34953170
Michel Serrault,1566869
Haley Joel Osment,4284689
Kirby Heyborne,20647773
Necati Sasmaz,16604478
Darren McGavin,7237179
Jonathan Pryce,4646016
Jerry O'Connell,0
Paul Dawson,813947
Richard Burton,1504429
Alan Bates,17860407
Kevin Daniels,5080817
Rob Schneider,1970295
Tom Berenger,2243485
Shiloh Fernandez,11298251
Jay Hernandez,67868619
Eddie Albert,13332
Billy Bob Thornton,44397438
Noah Danby,8768916
Kim Bodnia,5524038
Steve Oedekerk,14376202
Steven Strait,12578742
Frank Whaley,987513
Todd Field,33046158
Merab Ninidze,14818148
Joaquin Phoenix,60754126
Cameron Bright,85537750
Eddie Murphy,117777459
Francesc Albiol,0
Will Patton,5533076
Tom Kane,236373074
Levi Miller,16315388
Marlon Wayans,47468425
Prabhas,4898282
Christopher Atkins,1884698
Chris Evans,332615790
Jason Behr,17503276
Steve Valentine,3909360
Wade Dominguez,36108241
Casper Van Dien,0
Steve Zahn,41882872
Ryan Reynolds,161180668
Howard Keel,1381364
Giovanni Ribisi,197862206
Barney Clark,3524553
Jonny Beauchamp,10328832
Peter Sellers,10743896
Roddy Maude-Roxby,1916854
Sung Kang,42575767
Chris Miller,266744817
Aaron Eckhart,100912630
Courtney B. Vance,38818374
Dan Futterman,25972557
Alan Howard,106773471
Jordan Brower,1058198
Oscar Isaac,176190574
Alon Aboutboul,41790462
Phil Vischer,779320
Mohamed Bouich,29882645
Dax Shepard,27688878
Neil Patrick Harris,95871895
Zachary Gordon,8701793
Peter Firth,27306595
Keir O'Donnell,86712483
Michael Papajohn,169088050
Harry Kerrigan,137431619
James Frain,27820818
Kevin Hart,101005947
Joe Torry,505
William Forsythe,15232189
Jason Robards,46279451
Gabriel Macht,21388545
Mickey Rourke,29035001
Ray Winstone,32656666
Chris Young,469136
Toby Stephens,30352782
J.J. Johnson,0
Andy Serkis,356876604
Kevin Costner,112100478
Will Arnett,116056753
Eoin Macken,7751911
Dana Carvey,75007429
John Cena,15438666
Chen Chang,25377929
Omar Avila,12506723
Henry Fonda,17160898
John Forsythe,3812447
Matthew Davis,292218
Nicolas Cage,5289101
Kyle Gallner,44885029
Nicholas Hoult,45923434
Billy Campbell,13385
Marton Csokas,28360499
Eugene Levy,137308171
Paul Sorvino,2973673
Dan Leis,2960815
Clarence Williams III,13399272
Sanjay Dutt,14700461
Jake T. Austin,31776126
Gaspard Ulliel,38069670
Sean Gullette,242517
Edward James Olmos,18622135
Richard Graham,780068
Gregory Jones,485616
Ryan Cartwright,25160472
Charles Chaplin,31337
Jeffrey Dean Morgan,54576310
Charlie Korsmo,71584432
Ivan Barnev,5467482
Joe Taslim,49428533
Sayed Badreya,11918725
Uday Chopra,1197981
Theo James,51940986
Stephen J. Lang,49137308
Scott MacDonald,7798816
Martin Lawrence,65098309
Sean Patrick Thomas,6072087
Andrew Jacobs,21590593
John Heard,468570
Trace Adkins,13015272
Patrick Timsit,1034599
Robin Shou,19714288
Paulo Araujo,458232
Erik Allen,7872
Glenn Ford,21609149
Ian Holm,264546257
Doug E. Doug,1116853
Ethan Suplee,33587773
Adam Brody,18622091
Kerr Smith,8274426
Josh Stewart,128464388
Mark Williams,1107272
Joseph Gordon-Levitt,152842629
Steven Pasquale,2866106
Konstantin Khabenskiy,42683372
Freddie Prinze Jr.,891801
Richard Beymer,2068800
Eric Bana,103691716
Jonathan Frakes,0
Oswaldo Castillo,0
Mick Partridge,0
Oliver James,7257497
Will Swenson,13436639
John Ashker,23634420
Oldrich Kaiser,62153
Takeshi Kitano,6395741
Tom Cullen,569476
Martin Donovan,22081725
Tenzin Thuthob Tsarong,5686694
George Clooney,104329638
Colin Firth,35579716
Jon Heder,13566874
Noah Taylor,27581909
Jonny Lee Miller,15331599
Richard Egan,1350449
Trenton Rogers,5556744
Jacob Tremblay,3440058
Khool-Aid Rios,2850357
Mauricio Lopez,35792945
Kevin Spacey,17186911
Jaden Smith,114287529
Sam Hennings,1147408
Chris Kattan,41553
Christopher Schmidt,809363
Julian Morris,3060106
Caleb Landry Jones,8601520
Jeff Mazzola,19501042
Sam Shepard,19549803
Richard Coyle,21247170
Leonid Kuravlyov,31582968
Jack Albertson,19710314
Jeff Goldblum,48718288
Billy Crystal,99925140
Tommy Bone,7824358
James Fleet,3708304
Mykelti Williamson,10048753
Tom Sizemore,11588983
Larry Clarke,17021969
Thomas Ian Griffith,18424693
Donald Faison,7782660
Robert De Niro,64962645
Stark Sands,30916241
Jason Clarke,105108661
Ralph Fiennes,131642286
Fernando Cayo,0
Sean Connery,180397435
Pat Morita,8378898
Jeremy James Kissner,776830
Jon Foster,8114020
Balthazar Getty,18714555
Ouassini Embarek,1337628
